-- member --
INSERT INTO `Member` (`mid`, `createdDate`, `email`, `englishName`, `hasChangePwd`, `minimumPayout`, `name`, `password`, `referrerId`, `walletCode`) VALUES
('rick', NULL, 'ric@gmail.com', 'Rick', b'1', 0.05, '宇宇', '$2a$10$ivlJHL3yFFNigyLngeiB1ezSJ5VW8gV8LE/aT4T1AwWlETZzgkohy', NULL, '1111'),
('max', NULL, 'max@gmail.com', 'MaxLu', b'1', 0.05, '麥克斯', '$2a$10$7LWQgSBRz.oe7LR3U4Pyn.i9/Vl78qBDehepQdHWjwPNPPJ2tPfmS', NULL, '123'),
('jpkhsmartf03', '2018-09-01 00:00:00', 'khsmartf@gmail.com', 'HIGASHIINOUE KENJI', b'1', 0.001, '東井上建志', '$2a$10$J4YNRQwcf3pwNLnGQhJ6cekpCKuV/iBhmVumgZb2NlB4rCyy/L0RW', NULL, '14wM692gX1BN2RBf1Gd9mdESQHq2P81re5'),
('jpKAMIKAZE01_1', '2018-09-01 00:00:00', 'office.arai.001@gmail.com', 'ARAI YASUHIRO', b'1', 0.01, '新井 康弘', '$2a$10$kdpsH3i/Z2a2iuj6qX7EQuPWxFL.qOeZuG8d4WqfCOiPYsHXoap96', NULL, '1PSWgE1rc3ATxagNxmsqix4hH6ywfvFirc'),
('jpbathi0220', '2018-09-01 00:00:00', '49.2.20takuya@gmail.com', 'INABA TAKUYA', b'1', 0.01, '稲葉拓哉', '$2a$10$NYGMDrASer8IuY5E.9UpjOt5QPSmMU96GW0rLIAXHclLmlIar6he2', NULL, '1MtRTyuKUAps4Ri3kPPf2xEDErUkJCMaYS'),
('jpkimiching01_1', '2018-09-01 00:00:00', 'kimichinggg@gmail.com', 'TAKEMOTO KIMIE', b'1', NULL, NULL, '$2a$10$zIlLznJH8fc.y22KUL6fkOQvTSyI8yf72mdyb7iSYSz/OIoSwx0T2', 'jpkimiching01', NULL),
('jpkhsmartf01', '2018-09-01 00:00:00', 'khsmartf@gmail.com', 'HIGASHIINOUE KENJI', b'1', 0.0025, '東井上   建志', '$2a$10$d21qLwhp3641zaKVyV8cHOq50ACNZ/vgJSH2aU/M75xuF01wLpjhW', 'jpkhsmartf03', '14wM692gX1BN2RBf1Gd9mdESQHq2P81re5'),
('jpkoyama1050', '2018-09-01 00:00:00', 'fogarty2011@gmail.com', 'KOYAMA JUNICHI', b'0', NULL, '小山　潤一', '$2a$10$WJf10wxjR41FDldE2ghsSOSDC4gSPmGBBGEAWsTbqI2ToCA0HCUNm', 'jpkhsmartf03', NULL),
('jpkyoko1050', '2018-09-01 00:00:00', 'kyoko.fogarty@gmail.com', 'KOYAMA KYOKO', b'1', 0.001, '小山　恭子', '$2a$10$tx9v/NFOM6lT2gTm34ahP.2Zyt8KZmzueb/AovhiHOdIljnGOU7.q', 'jpkoyama1050', '1L6oeDwTM5YduEh7NGgX9v1ya5HX2cXiBk'),
('jpb20s900ts', '2018-09-01 00:00:00', 'supertroll93@gmail.com', 'YABE HIROSHI', b'1', 0.001, '矢部　博士', '$2a$10$kObVl24jkN1DfGleTv73OOQK/Jl8qBnHuvpvfbgPn3Xqpx1ulCopm', 'jpkhsmartf03', '1P2f9pBgkJkq138FFNTiS7AsmUSJnSpVbZ'),
('jp5f4b8c6g72h', '2018-09-01 00:00:00', 'sakura111yamato111@icloud.com', 'URA YUMIKO', b'0', NULL, '浦　裕美子', '$2a$10$WJf10wxjR41FDldE2ghsSOSDC4gSPmGBBGEAWsTbqI2ToCA0HCUNm', 'jpb20s900ts', NULL),
('jpcxkamisui01', '2018-09-01 00:00:00', 'hajime.hajime01@gmail.com', 'YOSHIZAWA HAJIME', b'1', 0.0025, '義澤　一', '$2a$10$FDrt8wEWXyGZtz5AHUORx.KtX2Y5jt9N8tKWDM1sD4RZnWwa5yZUS', 'jpb20s900ts', '1AW8JYTKY12bFJAfwBQFVLmxeZxY69cTo8'),
('jpyuki7ko7', '2018-09-01 00:00:00', 'yuki7ko7@gmail.com', 'ENDO YUKIKO', b'0', NULL, '遠藤　由紀子', '$2a$10$WJf10wxjR41FDldE2ghsSOSDC4gSPmGBBGEAWsTbqI2ToCA0HCUNm', 'jpcxkamisui01', NULL),
('jprei098411', '2018-09-01 00:00:00', 'reotomu98411@gmail.com', 'KATSUMATA REIKO', b'1', 0.02, '勝又　玲子', '$2a$10$GRZqeKFgF3yyfLZpA9RGwOQsgEErM4CgxfbdrncTtF/vY55LueuQe', 'jpkhsmartf03', '1BatK7c78SdvdzCx4UoDpJMU9MRZuoUN1g'),
('jpkatsumata3', '2018-09-01 00:00:00', 'tsunagari.pc@gmail.com', 'KATSUMATA MITSUNARI', b'0', NULL, '勝又　三成', '$2a$10$WJf10wxjR41FDldE2ghsSOSDC4gSPmGBBGEAWsTbqI2ToCA0HCUNm', 'jprei098411', NULL),
('jpdaiten052', '2018-09-01 00:00:00', 'daiten52chishimax@gmail.com', 'CHISHIMA DAISUKE', b'0', NULL, '地島　大典', '$2a$10$WJf10wxjR41FDldE2ghsSOSDC4gSPmGBBGEAWsTbqI2ToCA0HCUNm', 'jprei098411', NULL),
('jpkiboko12', '2018-09-01 00:00:00', 'wish.hope.a.steakattin@docomo.ne.jp', 'SATO KAZUKO', b'0', NULL, '佐藤　和子', '$2a$10$WJf10wxjR41FDldE2ghsSOSDC4gSPmGBBGEAWsTbqI2ToCA0HCUNm', 'jpmsnow0614', NULL),
('jplucky754', '2018-09-01 00:00:00', 'k4554if@gmail.com', 'IWASAWA KATSUKO', b'0', NULL, '岩澤　勝子', '$2a$10$WJf10wxjR41FDldE2ghsSOSDC4gSPmGBBGEAWsTbqI2ToCA0HCUNm', 'jprei098411', NULL),
('jpnk11070_1', '2018-09-01 00:00:00', 'n.keichan1954@gmail.com', 'NAGANO KEIKO', b'0', NULL, '永野　桂子', '$2a$10$WJf10wxjR41FDldE2ghsSOSDC4gSPmGBBGEAWsTbqI2ToCA0HCUNm', 'jprei098411', NULL),
('jpshimkei83', '2018-09-01 00:00:00', 'shirakei528@gmail.com', 'SHIRANESAWA KEIKO', b'0', NULL, '白根澤　恵子', '$2a$10$WJf10wxjR41FDldE2ghsSOSDC4gSPmGBBGEAWsTbqI2ToCA0HCUNm', 'jprei098411', NULL),
('jpama250123', '2018-09-01 00:00:00', 'shugami123@gmail.com', 'KONAKA KUMIKO', b'0', NULL, '小中　久美子', '$2a$10$WJf10wxjR41FDldE2ghsSOSDC4gSPmGBBGEAWsTbqI2ToCA0HCUNm', 'jpmsnow0614', NULL),
('jpmiitsu0226', '2018-09-01 00:00:00', 'tigers09.love@gmail.com', 'NIIOKA MITSUKO', b'0', NULL, '新岡　光子', '$2a$10$WJf10wxjR41FDldE2ghsSOSDC4gSPmGBBGEAWsTbqI2ToCA0HCUNm', 'jprei098411', NULL),
('jpsetsuko1628', '2018-09-01 00:00:00', 'setsuko0718@gmail.com', 'SUGIMOTO SETSUKO', b'0', NULL, '杉本　節子', '$2a$10$WJf10wxjR41FDldE2ghsSOSDC4gSPmGBBGEAWsTbqI2ToCA0HCUNm', 'jprei098411', NULL),
('jpiwasawas613', '2018-09-01 00:00:00', 'wasshi613@gmail.com', 'WASHIO SHIGEKO', b'0', NULL, '鷲尾　繁子', '$2a$10$WJf10wxjR41FDldE2ghsSOSDC4gSPmGBBGEAWsTbqI2ToCA0HCUNm', 'jprei098411', NULL),
('jpakiko0520', '2018-09-01 00:00:00', 'dolphinckika@gmail.com', 'SHIKANO AKIKO', b'0', NULL, '鹿野　明子', '$2a$10$WJf10wxjR41FDldE2ghsSOSDC4gSPmGBBGEAWsTbqI2ToCA0HCUNm', 'jprei098411', NULL),
('jpbear1014', '2018-09-01 00:00:00', 'bellbear1014@gmail.com', 'KUMAGAI MIEKO', b'0', NULL, '熊谷　美恵子', '$2a$10$WJf10wxjR41FDldE2ghsSOSDC4gSPmGBBGEAWsTbqI2ToCA0HCUNm', 'jprei098411', NULL),
('jpwh6654hw', '2018-09-01 00:00:00', 'ha4ru3yu1ya2ma6@gmail.com', 'WATANABE HARUKO', b'0', NULL, '渡辺　春子', '$2a$10$WJf10wxjR41FDldE2ghsSOSDC4gSPmGBBGEAWsTbqI2ToCA0HCUNm', 'jprei098411', NULL),
('jpsmartss01', '2018-09-01 00:00:00', 'chris.s.sato1225@gmail.com', 'SATO SHIGEYUKI', b'0', NULL, '佐藤　茂幸', '$2a$10$WJf10wxjR41FDldE2ghsSOSDC4gSPmGBBGEAWsTbqI2ToCA0HCUNm', 'jprei098411', NULL),
('jptaka02861', '2018-09-01 00:00:00', 'atago.1949@gmail.com', 'SATO TAKASHI', b'0', NULL, '佐藤　孝', '$2a$10$WJf10wxjR41FDldE2ghsSOSDC4gSPmGBBGEAWsTbqI2ToCA0HCUNm', 'jprei098411', NULL),
('jpmsnow0614', '2018-09-01 00:00:00', 'm.snow0614@gmail.com', 'DOI MIYUKI', b'0', NULL, '土井　美友紀', '$2a$10$WJf10wxjR41FDldE2ghsSOSDC4gSPmGBBGEAWsTbqI2ToCA0HCUNm', 'jprei098411', NULL),
('jpasisharumin', '2018-09-01 00:00:00', 'asis.harurin7@gmail.com', 'NOMURA HARUMI', b'1', NULL, '野村　晴美', '$2a$10$McdXmFqN5WhFpJwQQtVjTeQb3TO8lUKh/DbTTdpVPqJLykul7fygm', 'jpb20s900ts', NULL),
('jpjunko7380', '2018-09-01 00:00:00', 'junko7380@gmail.com', 'YAMAMOTO JUNKO', b'0', NULL, '山本　純子', '$2a$10$WJf10wxjR41FDldE2ghsSOSDC4gSPmGBBGEAWsTbqI2ToCA0HCUNm', 'jpkhsmartf03', NULL),
('jpnishidaken1', '2018-09-01 00:00:00', 'ken.nishida.com@gmail.com', 'NISHIDA KEN', b'1', 0.01, '西田　顕', '$2a$10$AM9MxlsoA8/Sau7OUUpEpeZxTspNNDj0enO/beHIjCpbfSKZE4a0K', 'jpb20s900ts', '1ANFDm2cRJ1hn2jpNcRsZkT8asAFGRWwTp'),
('jphitomi', '2018-09-01 00:00:00', 'ghitomi312@gmail.com', 'SATO HITOMI', b'0', NULL, '佐藤　仁美', '$2a$10$WJf10wxjR41FDldE2ghsSOSDC4gSPmGBBGEAWsTbqI2ToCA0HCUNm', 'jprei098411', NULL),
('jptrmglax1206', '2018-09-01 00:00:00', 'ahsmzh@gmail.com', 'SHIMAZAKI MIZUHO', b'1', 0.0025, '島崎　美津保', '$2a$10$qe5xBAHaUgOOgXAN1z7P6uCaTf//HnTny8Ai00OQJk5tS3W3b.F8e', 'jpb20s900ts', '15oaGpp9R4kp5mJGVJaNot1BZj5UubTKLE'),
('jplwkisa001', '2018-09-01 00:00:00', 'liuwei630325@yahoo.co.jp', 'LIU WEI', b'1', NULL, '劉　偉', '$2a$10$jeV8Q9N/t71JhjxECIWAru3Fj/knha8Bjadm1Yzx3EzHz6CbZHNU6', 'jpkhsmartf03', NULL),
('jpKAMIKAZE01', '2018-09-01 00:00:00', 'office.arai.001@gmail.com', 'ARAI YASUHIRO', b'1', 0.05, '新井 康弘', '$2a$10$E3KWmBlC.H7j1Z6RyZtzeuk0MtdZeCuOii14VyHYCZ4jwDMlk1wZq', 'jpKAMIKAZE01_1', '1PSWgE1rc3ATxagNxmsqix4hH6ywfvFirc'),
('jpsakuranbo', '2018-09-01 00:00:00', 'sakuranbo21812@gmail.com', 'YOSHINAGA YOSHIKO', b'1', 0.05, '吉永  芳子', '$2a$10$7doEEYPcv4jhut7HpFFhOuw4kULTR45KpKORD3NBDpggpRYoaI5Lq', 'jpKAMIKAZE01_1', '188DQz49BXEBUfchwbA16faeuGraAvdqNd'),
('jpmutsuko', '2018-09-01 00:00:00', 'mutsutan55@gmail.com', 'SASAGAWA MUTSUKO', b'0', NULL, '', '$2a$10$WJf10wxjR41FDldE2ghsSOSDC4gSPmGBBGEAWsTbqI2ToCA0HCUNm', 'jpKAMIKAZE01_1', NULL),
('jpakechan4427', '2018-09-01 00:00:00', 'akechan4427@gmail.com', 'SUGIMOTO AKEMI', b'1', 0.05, '', '$2a$10$LBoP2GDKu3ZIoc2c4LVLOuARajwdPYtuJe92Dx5Gg6ggJwYaWllQK', 'jpKAMIKAZE01_1', '1GDL1meJtUv5KXY8YreXHfyTkuoBhsjaMG'),
('jpcocosuke3', '2018-09-01 00:00:00', 'cocosuke0921@gmail.com', 'MUROTA KANAKO', b'0', NULL, '', '$2a$10$WJf10wxjR41FDldE2ghsSOSDC4gSPmGBBGEAWsTbqI2ToCA0HCUNm', 'jpboochan88', NULL),
('jpakiko1525', '2018-09-01 00:00:00', 'akikoooe1525@gmail.com', 'OE AKIKO', b'1', 0.05, '大江章子', '$2a$10$1Y7XhCNBTqv1IYgeXysnCe3IO.tU18rHc5poYQYgewivf3n2MQPxu', 'jpsakuranbo', '1MaatdDnmKRsFUd8csRxcnxoBkn3gnQP9x'),
('jphorimi82512', '2018-09-01 00:00:00', 'horimi25@gmail.com', 'IMAHORO MICHIYO', b'1', 0.05, '今堀通代', '$2a$10$/l1.KuplKZuITH/jNafYXeCPaVptCUQ8yv9Ep7vT.jDsZ5wxG.tBm', 'jpakiko1525', '1H1r1vmntDDs7tzDTH3J5zZtSVYAZJyRkv'),
('jpmieko-m8902', '2018-09-01 00:00:00', 'hop.step.jump3132@gmail.com', 'KINOUCHI MIEKO', b'0', NULL, '', '$2a$10$WJf10wxjR41FDldE2ghsSOSDC4gSPmGBBGEAWsTbqI2ToCA0HCUNm', 'jpmichiyo3810', NULL),
('jpmieko-m8902_1', '2018-09-01 00:00:00', 'hop.step.jump3132@gmail.com', 'KINOUCHI MIEKO', b'0', NULL, '', '$2a$10$WJf10wxjR41FDldE2ghsSOSDC4gSPmGBBGEAWsTbqI2ToCA0HCUNm', 'jpmieko-m8902', NULL),
('jp19renkon39', '2018-09-01 00:00:00', 'srenkon1217@gmail.com', 'SHIMAOKA REIKO', b'0', NULL, '', '$2a$10$WJf10wxjR41FDldE2ghsSOSDC4gSPmGBBGEAWsTbqI2ToCA0HCUNm', 'jpsakuranbo', NULL),
('jpmayf0520', '2018-09-01 00:00:00', 'natsuko17.july@gmail.com', 'FUKUOKA NATSUKO', b'0', NULL, '', '$2a$10$WJf10wxjR41FDldE2ghsSOSDC4gSPmGBBGEAWsTbqI2ToCA0HCUNm', 'jpsakuranbo', NULL),
('jp3177ks1125', '2018-09-01 00:00:00', 'tomoki.mahiro@gmail.com', 'SAEKI KEIKO', b'0', NULL, '', '$2a$10$WJf10wxjR41FDldE2ghsSOSDC4gSPmGBBGEAWsTbqI2ToCA0HCUNm', 'jp19renkon39', NULL),
('jpsetsuko1944', '2018-09-01 00:00:00', 'mana.0303wagasi@gmail.com', 'TSUBOUCHI SETSUKO', b'1', 0.05, '坪内節子', '$2a$10$viv/gVqZ/AmBdGJPe8UuqumL/wKz7kzzEUUTdgmiFEzBBe3xOOG6S', 'jpakiko1525', '1EfpsTcrPvwNZQJL9yUDPQF3eGkoLQxAJ2'),
('jpmichiyo3810', '2018-09-01 00:00:00', 'michiyo3838i@gmail.com', 'INAMOTO MICHIYO', b'0', NULL, '', '$2a$10$WJf10wxjR41FDldE2ghsSOSDC4gSPmGBBGEAWsTbqI2ToCA0HCUNm', 'jpKAMIKAZE01_1', NULL),
('jpmichiyo3810_2', '2018-09-01 00:00:00', 'michiyo3838i@gmail.com', 'INAMOTO MICHIYO', b'0', NULL, '', '$2a$10$WJf10wxjR41FDldE2ghsSOSDC4gSPmGBBGEAWsTbqI2ToCA0HCUNm', 'jpmichiyo3810', NULL),
('jpmoltofelice', '2018-09-01 00:00:00', 'moltofelice1110@gmail.com', 'IDE MASUMI', b'0', NULL, '', '$2a$10$WJf10wxjR41FDldE2ghsSOSDC4gSPmGBBGEAWsTbqI2ToCA0HCUNm', 'jpKAMIKAZE01_1', NULL),
('jpsumire369', '2018-09-01 00:00:00', 'kogasueko1945@gmail.com', 'KOGA SUEKO', b'0', NULL, '', '$2a$10$WJf10wxjR41FDldE2ghsSOSDC4gSPmGBBGEAWsTbqI2ToCA0HCUNm', 'jpKAMIKAZE01_1', NULL),
('jphisaacetom', '2018-09-01 00:00:00', 'hisayoshi61369@gmail.com', 'TAMAI HISAYOSHI', b'0', NULL, '', '$2a$10$WJf10wxjR41FDldE2ghsSOSDC4gSPmGBBGEAWsTbqI2ToCA0HCUNm', 'jpKAMIKAZE01_1', NULL),
('jpdorian888', '2018-09-01 00:00:00', 'misomaleki999@gmail.com', 'KONDO NAOMI', b'0', NULL, '', '$2a$10$WJf10wxjR41FDldE2ghsSOSDC4gSPmGBBGEAWsTbqI2ToCA0HCUNm', 'jpKAMIKAZE01_1', NULL),
('jpakaidia9', '2018-09-01 00:00:00', 'rikusui1950@gmail.com', 'AKAI KAYOKO', b'1', 0.001, '赤井香代子', '$2a$10$IoCf6VFqPW4oaqU/1/aLYeAEBP1QU9E9y72RsK6pASuQLOnNYKAC2', 'jpKAMIKAZE01_1', '1BPfyg9rUc4X795gmD5PT56As9bKAYKJbg'),
('jpmockei385', '2018-09-01 00:00:00', 'km13990110@gmail.com', 'MORI KEIKO', b'0', NULL, '', '$2a$10$WJf10wxjR41FDldE2ghsSOSDC4gSPmGBBGEAWsTbqI2ToCA0HCUNm', 'jpKAMIKAZE01_1', NULL),
('jpshf1215', '2018-09-01 00:00:00', 'hirokom00165@gmail.com', 'FUKUDA HIROKO', b'1', 0.05, '福田裕子', '$2a$10$TyWeuDce8HMR8SpiTsAkAeI7IwC/rV2Tug3jVR/SspumjP0H.kcWq', 'jpKAMIKAZE01_1', '14afKV5AWQunPdDWBUGtDSSXLvKHFAqy7J'),
('jpAika1732', '2018-09-01 00:00:00', 'inagawa.17.32@gmail.com', 'INAGAWA YOKO', b'1', 0.01, '', '$2a$10$C4hf9Sm/Z1SA8xE1Io.G..J3SuW1VjobTlAh0QTDoul.prRUz1TyW', 'jpakechan4427', '19bFagjrjp6Mf4QrtSk4AQUFncDkVsDNq8'),
('jpboochan88', '2018-09-01 00:00:00', 'boohiyu-08170803ryo@ares.eonet.ne.jp', 'TAKAGI YUMIKO', b'1', 0.001, '高木有美子', '$2a$10$Ycp/8KK8Pw77s45MTUOQVum.qLlpF2BGeydRS9acuT1wNaaIsThNa', 'jpsakuranbo', '15uJ51ydeMfUdMXRgjn5aYf2YmUUkp6Tpu'),
('jpnanatnkm17', '2018-09-01 00:00:00', 'nanatnkm@gmail.com', 'TANAKA MASAYO', b'1', 0.02, '田中 正代', '$2a$10$obboJuOM08vw3meQLbJaQOf5PWGbTYl8H1B0nxdXodkuQpTgL2lI6', 'jpKAMIKAZE01_1', '1Lz2zwVdUKjne2UXf2bmx764GT8wjKDiLk'),
('jp5248349', '2018-09-01 00:00:00', 'yukiyaconcon2017@gmail.com', 'KOTERA  YUKI', b'1', 0.01, '', '$2a$10$H4qEjgfFi.8HDa2XIq4xdeik9oqCq7EejLMXPE6hjsQTjL.1Cu8U2', 'jp3069naon', '372zjehUCRtAxrdbNKR3oKgVVeehvxpx8F'),
('jp3069naon', '2018-09-01 00:00:00', 'nanairo336@gmail.com', 'HIROMITSU  NANA', b'1', 0.05, '弘光', '$2a$10$2t3Y39jBLLS7mDnsVo34QezFmseNm4BzqvRFI.aaf69SKHmV0o26e', 'jpKAMIKAZE01_1', '1Me3hh759XHwMKugYJoAsEwGRu9K1js5qq'),
('jpkanu0515', '2018-09-01 00:00:00', 'kanu@treem.jp', 'KIYAMA TAKEHIRO', b'0', NULL, '', '$2a$10$WJf10wxjR41FDldE2ghsSOSDC4gSPmGBBGEAWsTbqI2ToCA0HCUNm', 'jpsakuranbo', NULL),
('jptreemkai', '2018-09-01 00:00:00', 'kai@treem.jp', 'KIYAMA KAI', b'0', NULL, '', '$2a$10$WJf10wxjR41FDldE2ghsSOSDC4gSPmGBBGEAWsTbqI2ToCA0HCUNm', 'jpkanu0515', NULL),
('jpcocoro7mama', '2018-09-01 00:00:00', 'naonakadai@gmail.com', 'NAKADAI NAO', b'0', NULL, '', '$2a$10$WJf10wxjR41FDldE2ghsSOSDC4gSPmGBBGEAWsTbqI2ToCA0HCUNm', 'jppeace130', NULL),
('jpmiyazakitak', '2018-09-01 00:00:00', 'takako-flower@softbank.ne.jp', 'MIYAZAKI TAKAKO', b'0', NULL, '', '$2a$10$WJf10wxjR41FDldE2ghsSOSDC4gSPmGBBGEAWsTbqI2ToCA0HCUNm', 'jpcocosuke3', NULL),
('jpPeace130', '2018-09-01 00:00:00', 'kazuta130@gmail.com', 'AIZAWA KAZUTAKA', b'1', NULL, '', '$2a$10$SW2co/xFDFK/Zy19XZ7HFeg/TmLArvFvxJc0O4BegCeF2Z31ZNx1a', 'jpKAMIKAZE01_1', NULL),
('jpbathi02202', '2018-09-01 00:00:00', '49.2.20takuya@gmail.com', 'INABA?TAKUYA', b'1', 0.01, '稲葉　拓哉', '$2a$10$kVExyxkTzII2VaJy.Kfq5egyiQkaiY2c52/C9dX1VVzM4ReNfnfmu', 'jpbathi0220', '16RKsHaQ1HHJe7o1Bcyt1JyixP1Akfk36M'),
('jpyamato0721', '2018-09-01 00:00:00', 'yamato.yamato.m.n@gmail.com', 'NAGASAWA MICHIAKI', b'1', 0.01, '長澤　道明', '$2a$10$KmxXWbVpPGMesSnd2eGZ6u4d8ZUeheawWZa3r/YtJBHXFUEiVN9z.', 'jpbathi0220', '1PqDXVoApPEy7Pk9raTBs9NLrNdxMVt6P5'),
('jpshige0405', '2018-09-01 00:00:00', 'SHIGENOMIKI1107@gmail.com', 'SHIGENO?HIDEYUKI', b'1', 0.01, '重野　秀之', '$2a$10$PgdMhQ1VF2FbtnqlpllvV./6MGt0oUB48CJwlePNXFEEACadkvlXm', 'jpyamato0721', '1KDHFggmkZNa2WMjoMS1B7wJHzgwqSMgoe'),
('jpkousei0715', '2018-09-01 00:00:00', 'iirr0131@iCloud.com', 'OTAKI ISSEI', b'1', 0.0025, '大滝　一成', '$2a$10$Ni4Qk9qnNhkMUP.rQT9x5.hgntYBYh8py4.jGXS7NRTZasT0GMF.O', 'jpyamato0721', '175v86UNfpYStiGUb74NJ7DbvFxZjTGRTE'),
('jpmoeko239', '2018-09-01 00:00:00', 'svn7123@iCloud.com', 'OONOMOEKO', b'1', 0.01, '大野　萌子', '$2a$10$b9t5rCB5ZWWggcSl4lnfKucrxmeTZChJAZwWnpi8zXy3uoOtiV9vq', 'jpkousei0715', '19R7vBfMkiSKVSZZNwdQFfVVoviJ9AXVpi'),
('jpaiki0225', '2018-09-01 00:00:00', 'aiki02250904@iCloud.com', 'MOCHIZUKIAYA', b'1', 0.01, '望月　　彩', '$2a$10$dC7XBoBj75kId7hA2sbwt.DmbMwCKmVRIfDEvhNeGGdCKzRH1kKSe', 'jpkousei0715', '1K7PVmCu7ZqRcqe8afmAAXLyzE1NfdgXhD'),
('jpmaron0916', '2018-09-01 00:00:00', 'kuri.star.sun.22.12@gmail.com', 'KURIMOTO?KATSUHIRO', b'1', 0.0025, '栗本　勝弘', '$2a$10$JvR4NwiblbcUjrAJU2i7bO002vwJiOhoYOMksa9nooe0x06JBqBOu', 'jpbathi0220', '1DQ77XuDkLGq3sGVDfKzGRFQaU88yxQy8M'),
('jpkimiching01_2', '2018-09-01 00:00:00', 'kimichinggg02@gmail.com', 'TAKEMOTO KIMIE', b'0', NULL, '', '$2a$10$WJf10wxjR41FDldE2ghsSOSDC4gSPmGBBGEAWsTbqI2ToCA0HCUNm', 'jpkimiching01', NULL),
('jpdai393901', '2018-09-01 00:00:00', 'kimichinggg@yahoo.co.jp', 'TAKEMOTO DAISUKE', b'0', NULL, '', '$2a$10$WJf10wxjR41FDldE2ghsSOSDC4gSPmGBBGEAWsTbqI2ToCA0HCUNm', 'jpkimiching01_１', NULL),
('jpktake903_1', '2018-09-01 00:00:00', 'kimichinggg03@gmail.com', 'TAKEMOTO KIYOTAKA', b'0', NULL, '', '$2a$10$WJf10wxjR41FDldE2ghsSOSDC4gSPmGBBGEAWsTbqI2ToCA0HCUNm', 'jpkimiching01_1', NULL),
('jprengebaba', '2018-09-01 00:00:00', 'kimichinggg05@gmail.com', 'YAMANE KEIKO', b'0', NULL, '', '$2a$10$WJf10wxjR41FDldE2ghsSOSDC4gSPmGBBGEAWsTbqI2ToCA0HCUNm', 'jpkimiching01_2', NULL),
('jpRiemuse01', '2018-09-01 00:00:00', 'satorie888@gmail.com', 'SATO RIE', b'0', NULL, '', '$2a$10$WJf10wxjR41FDldE2ghsSOSDC4gSPmGBBGEAWsTbqI2ToCA0HCUNm', 'jpkimiching01_2', NULL),
('jphiro164', '2018-09-01 00:00:00', 'hiro01@dada.ne.jp', 'YAMAMOTO HIROSHI', b'0', NULL, '', '$2a$10$WJf10wxjR41FDldE2ghsSOSDC4gSPmGBBGEAWsTbqI2ToCA0HCUNm', 'jpkimiching01_1', NULL),
('jpkohi646901', '2018-09-01 00:00:00', 'kohikohi2918@gmail.com', 'KOHIYAMA TOMOYUKI', b'0', NULL, '', '$2a$10$WJf10wxjR41FDldE2ghsSOSDC4gSPmGBBGEAWsTbqI2ToCA0HCUNm', 'jpkimiching01_2', NULL),
('jpnonno25', '2018-09-01 00:00:00', 'uchunojinny2525@gmail.com', 'OHARA NOBUE', b'0', NULL, '', '$2a$10$WJf10wxjR41FDldE2ghsSOSDC4gSPmGBBGEAWsTbqI2ToCA0HCUNm', 'jpkimiching01_1', NULL),
('jpseinen1', '2018-09-01 00:00:00', 'mada.100kg@gmail.com', 'YASUGI KATSUSHI', b'0', NULL, '', '$2a$10$WJf10wxjR41FDldE2ghsSOSDC4gSPmGBBGEAWsTbqI2ToCA0HCUNm', 'jpkimiching01_1', NULL),
('jpmotoe0904', '2018-09-01 00:00:00', 'doi194594@gmail.com', 'DOI MOTOE', b'0', NULL, '', '$2a$10$WJf10wxjR41FDldE2ghsSOSDC4gSPmGBBGEAWsTbqI2ToCA0HCUNm', 'jpnonno25', NULL),
('jpmorita0215', '2018-09-01 00:00:00', 'moritajun215@gmail.com', 'MORITA JUNICHI', b'0', NULL, '', '$2a$10$WJf10wxjR41FDldE2ghsSOSDC4gSPmGBBGEAWsTbqI2ToCA0HCUNm', 'jpkimiching01_1', NULL),
('jpfusako1030', '2018-09-01 00:00:00', 'n.fusako1030@gmail.com', 'NAKATSUKASA FUSAKO', b'0', NULL, '', '$2a$10$WJf10wxjR41FDldE2ghsSOSDC4gSPmGBBGEAWsTbqI2ToCA0HCUNm', 'jpkimiching01_1', NULL),
('jpsachik1948', '2018-09-01 00:00:00', 'sachiko.hirao0904@gmail.com', 'HIRAO SACHIKO', b'0', NULL, '', '$2a$10$WJf10wxjR41FDldE2ghsSOSDC4gSPmGBBGEAWsTbqI2ToCA0HCUNm', 'jpkimiching01_1', NULL),
('jpKAME1313', '2018-09-01 00:00:00', 'jewel.1954.731@gmail.com', 'MASAAKI OKAMOTO', b'0', NULL, '', '$2a$10$WJf10wxjR41FDldE2ghsSOSDC4gSPmGBBGEAWsTbqI2ToCA0HCUNm', 'jpnonno25', NULL),
('jpom0717', '2018-09-01 00:00:00', 'mabi1862@gmail.com', 'OKADA MICHIKO', b'0', NULL, '', '$2a$10$WJf10wxjR41FDldE2ghsSOSDC4gSPmGBBGEAWsTbqI2ToCA0HCUNm', 'jpkimiching01_１', NULL),
('jpkojiro31', '2018-09-01 00:00:00', 'amaki0077@gmail.com', 'SASAKI KENICHI', b'0', NULL, '', '$2a$10$WJf10wxjR41FDldE2ghsSOSDC4gSPmGBBGEAWsTbqI2ToCA0HCUNm', 'jpkimiching01_1', NULL),
('jphirachan898', '2018-09-01 00:00:00', 'hirachan.180405@gmail.com', 'HIRATO SHUKUKO', b'0', NULL, '', '$2a$10$WJf10wxjR41FDldE2ghsSOSDC4gSPmGBBGEAWsTbqI2ToCA0HCUNm', 'jpkimiching01_1', NULL),
('jpchise1956', '2018-09-01 00:00:00', 'yellow.monky.1956@gmail.com', 'MORIYA CHISEKO', b'0', NULL, '', '$2a$10$WJf10wxjR41FDldE2ghsSOSDC4gSPmGBBGEAWsTbqI2ToCA0HCUNm', 'jpkimiching01_1', NULL),
('jpjpsatoru218', '2018-09-01 00:00:00', 'maru.chan.bmw@gmail.com', 'TOMARU SATORU', b'0', NULL, '', '$2a$10$WJf10wxjR41FDldE2ghsSOSDC4gSPmGBBGEAWsTbqI2ToCA0HCUNm', 'jpkimiching01_1', NULL),
('jpWSX23401', '2018-09-01 00:00:00', 'wsnjapan.shimizu@gmail.com', 'SUZUKI HIROYUKI', b'0', NULL, '', '$2a$10$WJf10wxjR41FDldE2ghsSOSDC4gSPmGBBGEAWsTbqI2ToCA0HCUNm', 'jpjpsatoru218', NULL),
('jpmasako3940', '2018-09-01 00:00:00', '0225hana.led@gmail.com', 'KASHIMA MASAKO', b'0', NULL, '', '$2a$10$WJf10wxjR41FDldE2ghsSOSDC4gSPmGBBGEAWsTbqI2ToCA0HCUNm', 'jpkimiching01_1', NULL),
('jpJUNKO0330', '2018-09-01 00:00:00', '0329koume@gmail.com', 'KOBAYASHI JUNKO', b'0', NULL, '', '$2a$10$WJf10wxjR41FDldE2ghsSOSDC4gSPmGBBGEAWsTbqI2ToCA0HCUNm', 'jpmasako3940', NULL),
('jphitori358_1', '2018-09-01 00:00:00', 'saihitori358@gmail.com', 'KONDO HISANOBU', b'0', NULL, '', '$2a$10$WJf10wxjR41FDldE2ghsSOSDC4gSPmGBBGEAWsTbqI2ToCA0HCUNm', 'jpkimiching01_2', NULL),
('jpaiko1207335', '2018-09-01 00:00:00', 'aikohappy1207@gmail.com', 'KAJITA AIKO', b'0', NULL, '', '$2a$10$WJf10wxjR41FDldE2ghsSOSDC4gSPmGBBGEAWsTbqI2ToCA0HCUNm', 'jphitori358', NULL),
('jpoachisreiko', '2018-09-01 00:00:00', 'soinestheoasis@gmail.com', 'HISHIKI REI', b'0', NULL, '', '$2a$10$WJf10wxjR41FDldE2ghsSOSDC4gSPmGBBGEAWsTbqI2ToCA0HCUNm', 'jpaiko1207335', NULL),
('jpsairam2323', '2018-09-01 00:00:00', 'sairamu2323@gmail.com', 'NAGATA FUMIKO', b'0', NULL, '', '$2a$10$WJf10wxjR41FDldE2ghsSOSDC4gSPmGBBGEAWsTbqI2ToCA0HCUNm', 'jpya107631', NULL),
('jpya107631', '2018-09-01 00:00:00', 'yasumitchan@gamil.com', 'FUJITANI YASUMITSU', b'0', NULL, '', '$2a$10$WJf10wxjR41FDldE2ghsSOSDC4gSPmGBBGEAWsTbqI2ToCA0HCUNm', 'jphitori358', NULL),
('jp3638egao', '2018-09-01 00:00:00', 'kinuko39369@gmail.com', 'SATO KINUKO', b'0', NULL, '', '$2a$10$WJf10wxjR41FDldE2ghsSOSDC4gSPmGBBGEAWsTbqI2ToCA0HCUNm', 'jphitori358', NULL),
('jpragu434343', '2018-09-01 00:00:00', 'ibuki36k@gmail.com', 'IBUKI KEIKO', b'0', NULL, '', '$2a$10$WJf10wxjR41FDldE2ghsSOSDC4gSPmGBBGEAWsTbqI2ToCA0HCUNm', 'jphitori358', NULL),
('jpmayu5499', '2018-09-01 00:00:00', 'mayu2475180@gmail.com', 'MATSUOKA MAYUMI', b'0', NULL, '', '$2a$10$WJf10wxjR41FDldE2ghsSOSDC4gSPmGBBGEAWsTbqI2ToCA0HCUNm', 'jphitori358', NULL),
('jpmichi0822', '2018-09-01 00:00:00', 'km.selbon@gmail.com', 'KUWABATA MICHIKO', b'0', NULL, '', '$2a$10$WJf10wxjR41FDldE2ghsSOSDC4gSPmGBBGEAWsTbqI2ToCA0HCUNm', 'jpmayu5499', NULL),
('jpharue0106', '2018-09-01 00:00:00', '0358harue0358@gmail.com', 'YAMAGISHI HARUE', b'0', NULL, '', '$2a$10$WJf10wxjR41FDldE2ghsSOSDC4gSPmGBBGEAWsTbqI2ToCA0HCUNm', 'jpkimiching01_1', NULL),
('jptomoe0413', '2018-09-01 00:00:00', '1963tomo.ama@gmail.com', 'AMANO TOMOE', b'0', NULL, '', '$2a$10$WJf10wxjR41FDldE2ghsSOSDC4gSPmGBBGEAWsTbqI2ToCA0HCUNm', 'jpkimiching01_2', NULL),
('jp1221sa0831', '2018-09-01 00:00:00', 'yokoi0831@gmail.com', 'YOKOI SATOMI', b'0', NULL, '', '$2a$10$WJf10wxjR41FDldE2ghsSOSDC4gSPmGBBGEAWsTbqI2ToCA0HCUNm', 'jpaiko1207335', NULL),
('patrick', '2018-09-01 00:00:00', 'loljenchun@gmail.com', 'Patrick Lo', b'1', 0.01, '天小均', '$2a$10$6p13TIIRNJWsDyfSu79oN.YzzmZfWFdM/pH75SSyp9CtVapJnQHD6', 'COMPANY', '122345'),
('cnolay800910', '2018-09-30 00:00:00', 'v32335325@gmail.com', 'cnolay800910', b'1', NULL, '日本領導', '$2a$10$PYpA0L2Gm3TS4IAOCJuDHOC5QwtRGqxsLqQQew4WEEssey/s54iD2', NULL, NULL),
('twkumcvaat', '2018-09-30 00:00:00', 'jpleader2@gmail.com', 'kumcvaat@gmail.com', b'1', NULL, '日本領導', '$2a$10$ivlJHL3yFFNigyLngeiB1ezSJ5VW8gV8LE/aT4T1AwWlETZzgkohy', NULL, NULL),
('jpshimkei83_1', '2018-10-01 00:00:00', 'shirakei528@gmail.com', 'SHIRANESAWA KEIKO', b'0', 0.001, 'SHIRANESAWA KEIKO', '$2a$10$J4YNRQwcf3pwNLnGQhJ6cekpCKuV/iBhmVumgZb2NlB4rCyy/L0RW', 'jprei098411', NULL),
('jpakiko0520_1', '2018-10-01 00:00:00', 'dolphinckika@gmail.com', 'SHIKANO AKIKO', b'0', 0.001, 'SHIKANO AKIKO', '$2a$10$J4YNRQwcf3pwNLnGQhJ6cekpCKuV/iBhmVumgZb2NlB4rCyy/L0RW', 'jprei098411', NULL),
('jpspcsk01kk', '2018-10-01 00:00:00', 'k.shigeo81@gmail.com', 'KISA SHIGEO', b'0', 0.001, 'KISA SHIGEO', '$2a$10$J4YNRQwcf3pwNLnGQhJ6cekpCKuV/iBhmVumgZb2NlB4rCyy/L0RW', 'jpkhsmartf03', NULL),
('jpmiitsu0226_1', '2018-10-01 00:00:00', 'tigers09.love@gmail.com', 'NIIOKA MITSUKO', b'0', 0.001, 'NIIOKA MITSUKO', '$2a$10$J4YNRQwcf3pwNLnGQhJ6cekpCKuV/iBhmVumgZb2NlB4rCyy/L0RW', 'jprei098411', NULL),
('jpiwasawas613_1', '2018-10-01 00:00:00', 'wasshi613@gmail.com', 'WASHIO SHIGEKO', b'0', 0.001, 'WASHIO SHIGEKO', '$2a$10$J4YNRQwcf3pwNLnGQhJ6cekpCKuV/iBhmVumgZb2NlB4rCyy/L0RW', 'jprei098411', NULL),
('jptaka0286102', '2018-10-01 00:00:00', 'atago.1949@gmail.com', 'SATO TAKASHI', b'0', 0.001, 'SATO TAKASHI', '$2a$10$J4YNRQwcf3pwNLnGQhJ6cekpCKuV/iBhmVumgZb2NlB4rCyy/L0RW', 'jprei098411', NULL),
('jptaka0286103', '2018-10-01 00:00:00', 'atago.1949@gmail.com', 'SATO TAKASHI', b'0', 0.001, 'SATO TAKASHI', '$2a$10$J4YNRQwcf3pwNLnGQhJ6cekpCKuV/iBhmVumgZb2NlB4rCyy/L0RW', 'jprei098411', NULL),
('jpnori35360', '2018-10-01 00:00:00', 'axa10064007@gmail.com', 'SAKAMOTO　NORIE', b'0', 0.001, 'SAKAMOTO　NORIE', '$2a$10$J4YNRQwcf3pwNLnGQhJ6cekpCKuV/iBhmVumgZb2NlB4rCyy/L0RW', 'jpbathi0220', NULL),
('jp5151kiyomi', '2018-10-01 00:00:00', 'yamatokiyomi515188.48.2@gmail.com', 'KONDOU KIYOMI', b'0', 0.001, 'KONDOU KIYOMI', '$2a$10$J4YNRQwcf3pwNLnGQhJ6cekpCKuV/iBhmVumgZb2NlB4rCyy/L0RW', 'jp1221sa0831', NULL),
('jp2586fumie', '2018-10-01 00:00:00', 'fumieokochi@gmail.com', 'FUMIE OKOCHI', b'0', 0.001, 'FUMIE OKOCHI', '$2a$10$J4YNRQwcf3pwNLnGQhJ6cekpCKuV/iBhmVumgZb2NlB4rCyy/L0RW', 'jp5151kiyomi', NULL),
('jpshingi1234', '2018-10-01 00:00:00', 'shingi355@icloud.com', 'YAMADA SHINGI', b'0', 0.001, 'YAMADA SHINGI', '$2a$10$J4YNRQwcf3pwNLnGQhJ6cekpCKuV/iBhmVumgZb2NlB4rCyy/L0RW', 'jpragu434343', NULL),
('jpmeychan1205', '2018-10-01 00:00:00', 'meychans1578@gmail.com', 'NAKAGAWA MARI', b'0', 0.001, 'NAKAGAWA MARI', '$2a$10$J4YNRQwcf3pwNLnGQhJ6cekpCKuV/iBhmVumgZb2NlB4rCyy/L0RW', 'jphitori358', NULL),
('jptaiki030201', '2018-10-01 00:00:00', 'kamariko0531@gmail.com', 'KAWAHARA MARIKO', b'0', 0.001, 'KAWAHARA MARIKO', '$2a$10$J4YNRQwcf3pwNLnGQhJ6cekpCKuV/iBhmVumgZb2NlB4rCyy/L0RW', 'jpmeychan1205', NULL),
('jp7yukari', '2018-10-01 00:00:00', '7yukari@gmail.com', 'SHIMOSTUMA SACHIE', b'0', 0.001, 'SHIMOSTUMA SACHIE', '$2a$10$J4YNRQwcf3pwNLnGQhJ6cekpCKuV/iBhmVumgZb2NlB4rCyy/L0RW', 'jpkimiching01-2', NULL),
('jpakechan4427_1', '2018-10-01 00:00:00', 'akechan4427@gmail.com', 'SUGIMOTO AKEMI', b'0', 0.001, 'SUGIMOTO AKEMI', '$2a$10$J4YNRQwcf3pwNLnGQhJ6cekpCKuV/iBhmVumgZb2NlB4rCyy/L0RW', 'jpakechan4427', NULL),
('jpakechan4427_2', '2018-10-01 00:00:00', 'akechan4427@gmail.com', 'SUGIMOTO AKEMI', b'0', 0.001, 'SUGIMOTO AKEMI', '$2a$10$J4YNRQwcf3pwNLnGQhJ6cekpCKuV/iBhmVumgZb2NlB4rCyy/L0RW', 'jpakechan4427', NULL),
('jpakechan4427_3', '2018-10-01 00:00:00', 'akechan4427@gmail.com', 'SUGIMOTO AKEMI', b'0', 0.001, 'SUGIMOTO AKEMI', '$2a$10$J4YNRQwcf3pwNLnGQhJ6cekpCKuV/iBhmVumgZb2NlB4rCyy/L0RW', 'jpakechan4427', NULL),
('jpsakuranbo_1', '2018-10-01 00:00:00', 'sakuranbo21812@gmail.com', 'YOSHINAGA YOSHIKO', b'0', 0.001, 'YOSHINAGA YOSHIKO', '$2a$10$J4YNRQwcf3pwNLnGQhJ6cekpCKuV/iBhmVumgZb2NlB4rCyy/L0RW', 'jpsakuranbo', NULL),
('jpsetsuko1944_1', '2018-10-01 00:00:00', 'mana.0303wagasi@gmail.com', 'TSUBOUCHI SETSUKO', b'0', 0.001, 'TSUBOUCHI SETSUKO', '$2a$10$J4YNRQwcf3pwNLnGQhJ6cekpCKuV/iBhmVumgZb2NlB4rCyy/L0RW', 'jpsetsuko1944', NULL),
('jpmayf0520_1', '2018-10-01 00:00:00', 'natsuko17.july@gmail.com', 'FUKUOKA NATSUKO', b'0', 0.001, 'FUKUOKA NATSUKO', '$2a$10$J4YNRQwcf3pwNLnGQhJ6cekpCKuV/iBhmVumgZb2NlB4rCyy/L0RW', 'jpmayf0520', NULL),
('cnw666888', '2018-09-01 00:00:00', '625179462@qq.com', '姜更生', b'0', 0.001, '姜更生', '$2a$10$J4YNRQwcf3pwNLnGQhJ6cekpCKuV/iBhmVumgZb2NlB4rCyy/L0RW', 'COMPANY', NULL),
('cnlpz9999', '2018-09-01 00:00:00', 'peggy510625@gmail.com', '刘佩珍', b'0', 0.001, '刘佩珍', '$2a$10$J4YNRQwcf3pwNLnGQhJ6cekpCKuV/iBhmVumgZb2NlB4rCyy/L0RW', 'COMPANY', NULL),
('cnlyh9999', '2018-09-01 00:00:00', '2557126719@qq.com', '廖毅闳', b'0', 0.001, '廖毅闳', '$2a$10$J4YNRQwcf3pwNLnGQhJ6cekpCKuV/iBhmVumgZb2NlB4rCyy/L0RW', 'COMPANY', NULL),
('cnsmm123458', '2018-09-01 00:00:00', '844157432@qq.com', '單明明', b'0', 0.001, '單明明', '$2a$10$J4YNRQwcf3pwNLnGQhJ6cekpCKuV/iBhmVumgZb2NlB4rCyy/L0RW', 'COMPANY', NULL),
('cnrfsun004', '2018-09-01 00:00:00', '15862740657@qq.com', '曹友珍', b'0', 0.001, '曹友珍', '$2a$10$J4YNRQwcf3pwNLnGQhJ6cekpCKuV/iBhmVumgZb2NlB4rCyy/L0RW', 'COMPANY', NULL),
('cnlsz00001', '2018-09-01 00:00:00', '117777276@qq.com', '李淑珍', b'0', 0.001, '李淑珍', '$2a$10$J4YNRQwcf3pwNLnGQhJ6cekpCKuV/iBhmVumgZb2NlB4rCyy/L0RW', 'COMPANY', NULL),
('cnwp00001', '2018-09-01 00:00:00', '13795109146@139.com', '吳萍', b'0', 0.001, '吳萍', '$2a$10$J4YNRQwcf3pwNLnGQhJ6cekpCKuV/iBhmVumgZb2NlB4rCyy/L0RW', 'cnlsz00001', NULL),
('cnZHX1113', '2018-09-01 00:00:00', '804708329@qq.com', '张宏新', b'0', 0.001, '张宏新', '$2a$10$J4YNRQwcf3pwNLnGQhJ6cekpCKuV/iBhmVumgZb2NlB4rCyy/L0RW', 'COMPANY', NULL),
('cnyzy0001', '2018-09-01 00:00:00', '502990206@qq.com', '于晓云', b'0', 0.001, '于晓云', '$2a$10$J4YNRQwcf3pwNLnGQhJ6cekpCKuV/iBhmVumgZb2NlB4rCyy/L0RW', 'COMPANY', NULL),
('cnwd123456', '2018-09-01 00:00:00', '497279426@qq.com', '王东', b'0', 0.001, '王东', '$2a$10$J4YNRQwcf3pwNLnGQhJ6cekpCKuV/iBhmVumgZb2NlB4rCyy/L0RW', 'COMPANY', NULL),
('cnjyz19650520', '2018-09-01 00:00:00', 'hdjyz520@163.com', '贾有志', b'0', 0.001, '贾有志', '$2a$10$J4YNRQwcf3pwNLnGQhJ6cekpCKuV/iBhmVumgZb2NlB4rCyy/L0RW', 'COMPANY', NULL),
('cnjll123456', '2018-09-01 00:00:00', '985558379@qq.com', '贾玲玲', b'0', 0.001, '贾玲玲', '$2a$10$J4YNRQwcf3pwNLnGQhJ6cekpCKuV/iBhmVumgZb2NlB4rCyy/L0RW', 'COMPANY', NULL),
('cnwwx123456', '2018-09-01 00:00:00', '603763619@qq.com', '汪文霞', b'0', 0.001, '汪文霞', '$2a$10$J4YNRQwcf3pwNLnGQhJ6cekpCKuV/iBhmVumgZb2NlB4rCyy/L0RW', 'COMPANY', NULL);



INSERT INTO `Role` (`rid`, `name`) VALUES
('LEADER', '領導人'),
('GENERAL', '一般會員'),
('ADMIN', '管理員');

INSERT INTO `MemberRole` (`member_id`, `role_id`) VALUES
('cnjll123456', 'GENERAL'),
('cnjyz19650520', 'GENERAL'),
('cnlpz9999', 'GENERAL'),
('cnlsz00001', 'GENERAL'),
('cnlyh9999', 'GENERAL'),
('cnolay800910', 'LEADER'),
('cnrfsun004', 'GENERAL'),
('cnsmm123458', 'GENERAL'),
('cnw666888', 'GENERAL'),
('cnwd123456', 'GENERAL'),
('cnwp00001', 'GENERAL'),
('cnwwx123456', 'GENERAL'),
('cnyzy0001', 'GENERAL'),
('cnZHX1113', 'GENERAL'),
('jp1221sa0831', 'GENERAL'),
('jp19renkon39', 'GENERAL'),
('jp2586fumie', 'GENERAL'),
('jp3069naon', 'GENERAL'),
('jp3177ks1125', 'GENERAL'),
('jp3638egao', 'GENERAL'),
('jp5151kiyomi', 'GENERAL'),
('jp5248349', 'GENERAL'),
('jp5f4b8c6g72h', 'GENERAL'),
('jp7yukari', 'GENERAL'),
('jpAika1732', 'GENERAL'),
('jpaiki0225', 'GENERAL'),
('jpaiko1207335', 'GENERAL'),
('jpakaidia9', 'GENERAL'),
('jpakechan4427', 'GENERAL'),
('jpakechan4427_1', 'GENERAL'),
('jpakechan4427_2', 'GENERAL'),
('jpakechan4427_3', 'GENERAL'),
('jpakiko0520', 'GENERAL'),
('jpakiko0520_1', 'GENERAL'),
('jpakiko1525', 'GENERAL'),
('jpama250123', 'GENERAL'),
('jpasisharumin', 'GENERAL'),
('jpb20s900ts', 'GENERAL'),
('jpbathi0220', 'LEADER'),
('jpbathi02202', 'GENERAL'),
('jpbear1014', 'GENERAL'),
('jpboochan88', 'GENERAL'),
('jpchise1956', 'GENERAL'),
('jpcocoro7mama', 'GENERAL'),
('jpcocosuke3', 'GENERAL'),
('jpcxkamisui01', 'GENERAL'),
('jpdai393901', 'GENERAL'),
('jpdaiten052', 'GENERAL'),
('jpdorian888', 'GENERAL'),
('jpfusako1030', 'GENERAL'),
('jpharue0106', 'GENERAL'),
('jphirachan898', 'GENERAL'),
('jphiro164', 'GENERAL'),
('jphisaacetom', 'GENERAL'),
('jphitomi', 'GENERAL'),
('jphitori358_1', 'GENERAL'),
('jphorimi82512', 'GENERAL'),
('jpiwasawas613', 'GENERAL'),
('jpiwasawas613_1', 'GENERAL'),
('jpjpsatoru218', 'GENERAL'),
('jpJUNKO0330', 'GENERAL'),
('jpjunko7380', 'GENERAL'),
('jpKAME1313', 'GENERAL'),
('jpKAMIKAZE01', 'GENERAL'),
('jpKAMIKAZE01_1', 'LEADER'),
('jpkanu0515', 'GENERAL'),
('jpkatsumata3', 'GENERAL'),
('jpkhsmartf01', 'GENERAL'),
('jpkhsmartf03', 'LEADER'),
('jpkiboko12', 'GENERAL'),
('jpkimiching01_1', 'LEADER'),
('jpkimiching01_2', 'GENERAL'),
('jpkohi646901', 'GENERAL'),
('jpkojiro31', 'GENERAL'),
('jpkousei0715', 'GENERAL'),
('jpkoyama1050', 'GENERAL'),
('jpktake903_1', 'GENERAL'),
('jpkyoko1050', 'GENERAL'),
('jplucky754', 'GENERAL'),
('jplwkisa001', 'GENERAL'),
('jpmaron0916', 'GENERAL'),
('jpmasako3940', 'GENERAL'),
('jpmayf0520', 'GENERAL'),
('jpmayf0520_1', 'GENERAL'),
('jpmayu5499', 'GENERAL'),
('jpmeychan1205', 'GENERAL'),
('jpmichi0822', 'GENERAL'),
('jpmichiyo3810', 'GENERAL'),
('jpmichiyo3810_2', 'GENERAL'),
('jpmieko-m8902', 'GENERAL'),
('jpmieko-m8902_1', 'GENERAL'),
('jpmiitsu0226', 'GENERAL'),
('jpmiitsu0226_1', 'GENERAL'),
('jpmiyazakitak', 'GENERAL'),
('jpmockei385', 'GENERAL'),
('jpmoeko239', 'GENERAL'),
('jpmoltofelice', 'GENERAL'),
('jpmorita0215', 'GENERAL'),
('jpmotoe0904', 'GENERAL'),
('jpmsnow0614', 'GENERAL'),
('jpmutsuko', 'GENERAL'),
('jpnanatnkm17', 'GENERAL'),
('jpnishidaken1', 'GENERAL'),
('jpnk11070_1', 'GENERAL'),
('jpnonno25', 'GENERAL'),
('jpnori35360', 'GENERAL'),
('jpoachisreiko', 'GENERAL'),
('jpom0717', 'GENERAL'),
('jpPeace130', 'GENERAL'),
('jpragu434343', 'GENERAL'),
('jprei098411', 'GENERAL'),
('jprengebaba', 'GENERAL'),
('jpRiemuse01', 'GENERAL'),
('jpsachik1948', 'GENERAL'),
('jpsairam2323', 'GENERAL'),
('jpsakuranbo', 'GENERAL'),
('jpsakuranbo_1', 'GENERAL'),
('jpseinen1', 'GENERAL'),
('jpsetsuko1628', 'GENERAL'),
('jpsetsuko1944', 'GENERAL'),
('jpsetsuko1944_1', 'GENERAL'),
('jpshf1215', 'GENERAL'),
('jpshige0405', 'GENERAL'),
('jpshimkei83', 'GENERAL'),
('jpshimkei83_1', 'GENERAL'),
('jpshingi1234', 'GENERAL'),
('jpsmartss01', 'GENERAL'),
('jpspcsk01kk', 'GENERAL'),
('jpsumire369', 'GENERAL'),
('jptaiki030201', 'GENERAL'),
('jptaka02861', 'GENERAL'),
('jptaka0286102', 'GENERAL'),
('jptaka0286103', 'GENERAL'),
('jptomoe0413', 'GENERAL'),
('jptreemkai', 'GENERAL'),
('jptrmglax1206', 'GENERAL'),
('jpwh6654hw', 'GENERAL'),
('jpWSX23401', 'GENERAL'),
('jpya107631', 'GENERAL'),
('jpyamato0721', 'GENERAL'),
('jpyuki7ko7', 'GENERAL'),
('max', 'GENERAL'),
('patrick', 'LEADER'),
('rick', 'LEADER'),
('twkumcvaat', 'LEADER');

INSERT INTO `Hierarchy` (`hid`, `name`, `creator_mid`, `createdDate`) VALUES
(1, '建志團隊' ,'rick','2018-09-01'),
(2, '新井團隊' ,'rick','2018-09-01'),
(3, '稲葉團隊' ,'rick','2018-09-01'),
(4, '武本團隊' ,'rick','2018-09-01'),
(5, '力達團隊' ,'rick','2018-09-01'),
(6, '大陸團隊A','rick','2018-09-01');



INSERT INTO `MemberHierarchy` (`member_id`, `hierarchy_id`) VALUES
('cnjll123456', 6),
('cnjyz19650520', 6),
('cnlpz9999', 6),
('cnlsz00001', 6),
('cnlyh9999', 6),
('cnolay800910', 1),
('cnolay800910', 2),
('cnolay800910', 3),
('cnolay800910', 4),
('cnolay800910', 5),
('cnrfsun004', 6),
('cnsmm123458', 6),
('cnw666888', 6),
('cnwd123456', 6),
('cnwp00001', 6),
('cnwwx123456', 6),
('cnyzy0001', 6),
('cnZHX1113', 6),
('jp1221sa0831', 4),
('jp19renkon39', 2),
('jp2586fumie', 4),
('jp3069naon', 2),
('jp3177ks1125', 2),
('jp3638egao', 4),
('jp5151kiyomi', 4),
('jp5248349', 2),
('jp5f4b8c6g72h', 1),
('jp7yukari', 4),
('jpAika1732', 2),
('jpaiki0225', 3),
('jpaiko1207335', 4),
('jpakaidia9', 2),
('jpakechan4427', 2),
('jpakechan4427_1', 2),
('jpakechan4427_2', 2),
('jpakechan4427_3', 2),
('jpakiko0520', 1),
('jpakiko0520_1', 1),
('jpakiko1525', 2),
('jpama250123', 1),
('jpasisharumin', 1),
('jpb20s900ts', 1),
('jpbathi0220', 3),
('jpbathi02202', 3),
('jpbear1014', 1),
('jpboochan88', 2),
('jpchise1956', 4),
('jpcocoro7mama', 2),
('jpcocosuke3', 2),
('jpcxkamisui01', 1),
('jpdai393901', 4),
('jpdaiten052', 1),
('jpdorian888', 2),
('jpfusako1030', 4),
('jpharue0106', 4),
('jphirachan898', 4),
('jphiro164', 4),
('jphisaacetom', 2),
('jphitomi', 1),
('jphitori358_1', 4),
('jphorimi82512', 2),
('jpiwasawas613', 1),
('jpiwasawas613_1', 1),
('jpjpsatoru218', 4),
('jpJUNKO0330', 4),
('jpjunko7380', 1),
('jpKAME1313', 4),
('jpKAMIKAZE01', 2),
('jpKAMIKAZE01_1', 2),
('jpkanu0515', 2),
('jpkatsumata3', 1),
('jpkhsmartf01', 1),
('jpkhsmartf03', 1),
('jpkiboko12', 1),
('jpkimiching01_1', 4),
('jpkimiching01_2', 4),
('jpkohi646901', 4),
('jpkojiro31', 4),
('jpkousei0715', 3),
('jpkoyama1050', 1),
('jpktake903_1', 4),
('jpkyoko1050', 1),
('jplucky754', 1),
('jplwkisa001', 1),
('jpmaron0916', 3),
('jpmasako3940', 4),
('jpmayf0520', 2),
('jpmayf0520_1', 2),
('jpmayu5499', 4),
('jpmeychan1205', 4),
('jpmichi0822', 4),
('jpmichiyo3810', 2),
('jpmichiyo3810_2', 2),
('jpmieko-m8902', 2),
('jpmieko-m8902_1', 2),
('jpmiitsu0226', 1),
('jpmiitsu0226_1', 1),
('jpmiyazakitak', 2),
('jpmockei385', 2),
('jpmoeko239', 3),
('jpmoltofelice', 2),
('jpmorita0215', 4),
('jpmotoe0904', 4),
('jpmsnow0614', 1),
('jpmutsuko', 2),
('jpnanatnkm17', 2),
('jpnishidaken1', 1),
('jpnk11070_1', 1),
('jpnonno25', 4),
('jpnori35360', 3),
('jpoachisreiko', 4),
('jpom0717', 4),
('jpPeace130', 2),
('jpragu434343', 4),
('jprei098411', 1),
('jprengebaba', 4),
('jpRiemuse01', 4),
('jpsachik1948', 4),
('jpsairam2323', 4),
('jpsakuranbo', 2),
('jpsakuranbo_1', 2),
('jpseinen1', 4),
('jpsetsuko1628', 1),
('jpsetsuko1944', 2),
('jpsetsuko1944_1', 2),
('jpshf1215', 2),
('jpshige0405', 3),
('jpshimkei83', 1),
('jpshimkei83_1', 1),
('jpshingi1234', 4),
('jpsmartss01', 1),
('jpspcsk01kk', 1),
('jpsumire369', 2),
('jptaiki030201', 4),
('jptaka02861', 1),
('jptaka0286102', 1),
('jptaka0286103', 1),
('jptomoe0413', 4),
('jptreemkai', 2),
('jptrmglax1206', 1),
('jpwh6654hw', 1),
('jpWSX23401', 4),
('jpya107631', 4),
('jpyamato0721', 3),
('jpyuki7ko7', 1),
('twkumcvaat', 1),
('twkumcvaat', 2),
('twkumcvaat', 3),
('twkumcvaat', 4),
('twkumcvaat', 5);


INSERT INTO `Order` (`id`, `boughtBitcoin`, `createdDate`, `freeBitcoin`, `remarks`, `creator_mid`, `owner_mid`) VALUES
(1, '100.20', '2018-09-17 00:00:00', '50.23', '測試', 'rick', 'rick'),
(2, '50.00', '2018-09-17 00:00:00', '60.50', '測試', 'rick', 'rick'),
(3, '51.00', '2018-09-17 00:00:00', '62.50', '測試', 'rick', 'rick'),
(4, '91.00', '2018-09-17 00:00:00', '100.50', '測試2', 'rick', 'rick'),
(5, '11.00', '2018-09-17 00:00:00', '10.50', '測試3', 'rick', 'rick'),
(19, '10.00', '2018-09-17 00:00:00', '3.00', 'N/A', 'rick', 'jpcxkamisui01'),
(18, '10.00', '2018-09-17 00:00:00', '3.00', 'N/A', 'rick', 'jp5f4b8c6g72h'),
(17, '10.00', '2018-09-17 00:00:00', '3.00', 'N/A', 'rick', 'jpb20s900ts'),
(16, '10.00', '2018-09-17 00:00:00', '3.00', 'N/A', 'rick', 'jpkyoko1050'),
(15, '3.00', '2018-09-17 00:00:00', '1.00', 'N/A', 'rick', 'jpkoyama1050'),
(14, '10.00', '2018-09-17 00:00:00', '3.00', 'N/A', 'rick', 'jpkhsmartf01'),
(13, '50.00', '2018-09-17 00:00:00', '15.00', 'N/A', 'rick', 'jpkhsmartf03'),
(20, '10.00', '2018-09-17 00:00:00', '3.00', 'N/A', 'rick', 'jpyuki7ko7'),
(21, '30.00', '2018-09-17 00:00:00', '10.00', 'N/A', 'rick', 'jprei098411'),
(22, '3.00', '2018-09-17 00:00:00', '1.00', 'N/A', 'rick', 'jpkatsumata3'),
(23, '3.00', '2018-09-17 00:00:00', '1.00', 'N/A', 'rick', 'jpdaiten052'),
(24, '10.00', '2018-09-17 00:00:00', '3.00', 'N/A', 'rick', 'jpkiboko12'),
(25, '10.00', '2018-09-17 00:00:00', '3.00', 'N/A', 'rick', 'jplucky754'),
(26, '50.00', '2018-09-17 00:00:00', '15.00', 'N/A', 'rick', 'jpnk11070_1'),
(27, '10.00', '2018-09-17 00:00:00', '3.00', 'N/A', 'rick', 'jpshimkei83'),
(28, '10.00', '2018-09-17 00:00:00', '3.00', 'N/A', 'rick', 'jpama250123'),
(29, '30.00', '2018-09-17 00:00:00', '10.00', 'N/A', 'rick', 'jpmiitsu0226'),
(30, '10.00', '2018-09-17 00:00:00', '3.00', 'N/A', 'rick', 'jpsetsuko1628'),
(31, '50.00', '2018-09-17 00:00:00', '15.00', 'N/A', 'rick', 'jpiwasawas613'),
(32, '50.00', '2018-09-17 00:00:00', '15.00', 'N/A', 'rick', 'jpakiko0520'),
(33, '50.00', '2018-09-17 00:00:00', '15.00', 'N/A', 'rick', 'jpbear1014'),
(34, '50.00', '2018-09-17 00:00:00', '15.00', 'N/A', 'rick', 'jpwh6654hw'),
(35, '50.00', '2018-09-17 00:00:00', '15.00', 'N/A', 'rick', 'jpsmartss01'),
(36, '100.00', '2018-09-17 00:00:00', '30.00', 'N/A', 'rick', 'jptaka02861'),
(37, '10.00', '2018-09-17 00:00:00', '3.00', 'N/A', 'rick', 'jpmsnow0614'),
(38, '3.00', '2018-09-17 00:00:00', '1.00', 'N/A', 'rick', 'jpasisharumin'),
(39, '10.00', '2018-09-17 00:00:00', '3.00', 'N/A', 'rick', 'jpjunko7380'),
(40, '3.00', '2018-09-17 00:00:00', '1.00', 'N/A', 'rick', 'jpnishidaken1'),
(41, '30.00', '2018-09-17 00:00:00', '10.00', 'N/A', 'rick', 'jphitomi'),
(42, '50.00', '2018-09-17 00:00:00', '15.00', 'N/A', 'rick', 'jptrmglax1206'),
(43, '30.00', '2018-09-17 00:00:00', '10.00', 'N/A', 'rick', 'jplwkisa001'),
(44, '50.00', '2018-09-17 00:00:00', '15.00', 'N/A', 'rick', 'jpKAMIKAZE01'),
(45, '10.00', '2018-09-17 00:00:00', '3.00', 'N/A', 'rick', 'jpsakuranbo'),
(46, '3.00', '2018-09-17 00:00:00', '1.00', 'N/A', 'rick', 'jpmutsuko'),
(47, '10.00', '2018-09-17 00:00:00', '3.00', 'N/A', 'rick', 'jpakechan4427'),
(48, '3.00', '2018-09-17 00:00:00', '1.00', 'N/A', 'rick', 'jpcocosuke3'),
(49, '10.00', '2018-09-17 00:00:00', '3.00', 'N/A', 'rick', 'jpakiko1525'),
(50, '3.00', '2018-09-17 00:00:00', '1.00', 'N/A', 'rick', 'jphorimi82512'),
(51, '3.00', '2018-09-17 00:00:00', '1.00', 'N/A', 'rick', 'jpmieko-m8902'),
(52, '3.00', '2018-09-17 00:00:00', '1.00', 'N/A', 'rick', 'jpmieko-m8902_1'),
(53, '3.00', '2018-09-17 00:00:00', '1.00', 'N/A', 'rick', 'jp19renkon39'),
(54, '3.00', '2018-09-17 00:00:00', '1.00', 'N/A', 'rick', 'jpmayf0520'),
(55, '10.00', '2018-09-17 00:00:00', '3.00', 'N/A', 'rick', 'jp3177ks1125'),
(56, '10.00', '2018-09-17 00:00:00', '3.00', 'N/A', 'rick', 'jpsetsuko1944'),
(57, '3.00', '2018-09-17 00:00:00', '1.00', 'N/A', 'rick', 'jpmichiyo3810'),
(58, '3.00', '2018-09-17 00:00:00', '1.00', 'N/A', 'rick', 'jpmichiyo3810_2'),
(59, '3.00', '2018-09-17 00:00:00', '1.00', 'N/A', 'rick', 'jpmoltofelice'),
(60, '3.00', '2018-09-17 00:00:00', '1.00', 'N/A', 'rick', 'jpsumire369'),
(61, '3.00', '2018-09-17 00:00:00', '1.00', 'N/A', 'rick', 'jphisaacetom'),
(62, '3.00', '2018-09-17 00:00:00', '1.00', 'N/A', 'rick', 'jpdorian888'),
(63, '3.00', '2018-09-17 00:00:00', '1.00', 'N/A', 'rick', 'jpakaidia9'),
(64, '3.00', '2018-09-17 00:00:00', '1.00', 'N/A', 'rick', 'jpmockei385'),
(65, '30.00', '2018-09-17 00:00:00', '10.00', 'N/A', 'rick', 'jpshf1215'),
(66, '10.00', '2018-09-17 00:00:00', '3.00', 'N/A', 'rick', 'jpAika1732'),
(67, '3.00', '2018-09-17 00:00:00', '1.00', 'N/A', 'rick', 'jpboochan88'),
(68, '3.00', '2018-09-17 00:00:00', '1.00', 'N/A', 'rick', 'jpnanatnkm17'),
(69, '3.00', '2018-09-17 00:00:00', '1.00', 'N/A', 'rick', 'jp5248349'),
(70, '3.00', '2018-09-17 00:00:00', '1.00', 'N/A', 'rick', 'jp3069naon'),
(71, '3.00', '2018-09-17 00:00:00', '1.00', 'N/A', 'rick', 'jpkanu0515'),
(72, '3.00', '2018-09-17 00:00:00', '1.00', 'N/A', 'rick', 'jptreemkai'),
(73, '10.00', '2018-09-17 00:00:00', '3.00', 'N/A', 'rick', 'jpcocoro7mama'),
(74, '3.00', '2018-09-17 00:00:00', '1.00', 'N/A', 'rick', 'jpmiyazakitak'),
(75, '3.00', '2018-09-17 00:00:00', '1.00', 'N/A', 'rick', 'jpPeace130'),
(76, '50.00', '2018-09-17 00:00:00', '15.00', 'N/A', 'rick', 'jpbathi02202'),
(77, '50.00', '2018-09-17 00:00:00', '15.00', 'N/A', 'rick', 'jpyamato0721'),
(78, '30.00', '2018-09-17 00:00:00', '10.00', 'N/A', 'rick', 'jpshige0405'),
(79, '10.00', '2018-09-17 00:00:00', '3.00', 'N/A', 'rick', 'jpkousei0715'),
(80, '3.00', '2018-09-17 00:00:00', '1.00', 'N/A', 'rick', 'jpmoeko239'),
(81, '3.00', '2018-09-17 00:00:00', '1.00', 'N/A', 'rick', 'jpaiki0225'),
(82, '10.00', '2018-09-17 00:00:00', '3.00', 'N/A', 'rick', 'jpmaron0916'),
(83, '3.00', '2018-09-17 00:00:00', '1.00', 'N/A', 'rick', 'jpkimiching01_2'),
(84, '30.00', '2018-09-17 00:00:00', '10.00', 'N/A', 'rick', 'jpdai393901'),
(85, '3.00', '2018-09-17 00:00:00', '1.00', 'N/A', 'rick', 'jpktake903_1'),
(86, '3.00', '2018-09-17 00:00:00', '1.00', 'N/A', 'rick', 'jprengebaba'),
(87, '10.00', '2018-09-17 00:00:00', '3.00', 'N/A', 'rick', 'jpRiemuse01'),
(88, '50.00', '2018-09-17 00:00:00', '15.00', 'N/A', 'rick', 'jphiro164'),
(89, '30.00', '2018-09-17 00:00:00', '10.00', 'N/A', 'rick', 'jpkohi646901'),
(90, '3.00', '2018-09-17 00:00:00', '1.00', 'N/A', 'rick', 'jpnonno25'),
(91, '3.00', '2018-09-17 00:00:00', '1.00', 'N/A', 'rick', 'jpseinen1'),
(92, '10.00', '2018-09-17 00:00:00', '3.00', 'N/A', 'rick', 'jpmotoe0904'),
(93, '10.00', '2018-09-17 00:00:00', '3.00', 'N/A', 'rick', 'jpmorita0215'),
(94, '10.00', '2018-09-17 00:00:00', '3.00', 'N/A', 'rick', 'jpfusako1030'),
(95, '3.00', '2018-09-17 00:00:00', '1.00', 'N/A', 'rick', 'jpsachik1948'),
(96, '3.00', '2018-09-17 00:00:00', '1.00', 'N/A', 'rick', 'jpKAME1313'),
(97, '3.00', '2018-09-17 00:00:00', '1.00', 'N/A', 'rick', 'jpom0717'),
(98, '3.00', '2018-09-17 00:00:00', '1.00', 'N/A', 'rick', 'jpkojiro31'),
(99, '3.00', '2018-09-17 00:00:00', '1.00', 'N/A', 'rick', 'jphirachan898'),
(100, '3.00', '2018-09-17 00:00:00', '1.00', 'N/A', 'rick', 'jpchise1956'),
(101, '3.00', '2018-09-17 00:00:00', '1.00', 'N/A', 'rick', 'jpjpsatoru218'),
(102, '3.00', '2018-09-17 00:00:00', '1.00', 'N/A', 'rick', 'jpWSX23401'),
(103, '3.00', '2018-09-17 00:00:00', '1.00', 'N/A', 'rick', 'jpmasako3940'),
(104, '3.00', '2018-09-17 00:00:00', '1.00', 'N/A', 'rick', 'jpJUNKO0330'),
(105, '10.00', '2018-09-17 00:00:00', '3.00', 'N/A', 'rick', 'jphitori358_1'),
(106, '3.00', '2018-09-17 00:00:00', '1.00', 'N/A', 'rick', 'jpaiko1207335'),
(107, '3.00', '2018-09-17 00:00:00', '1.00', 'N/A', 'rick', 'jpoachisreiko'),
(108, '3.00', '2018-09-17 00:00:00', '1.00', 'N/A', 'rick', 'jpsairam2323'),
(109, '3.00', '2018-09-17 00:00:00', '1.00', 'N/A', 'rick', 'jpya107631'),
(110, '3.00', '2018-09-17 00:00:00', '1.00', 'N/A', 'rick', 'jp3638egao'),
(111, '3.00', '2018-09-17 00:00:00', '1.00', 'N/A', 'rick', 'jpragu434343'),
(112, '3.00', '2018-09-17 00:00:00', '1.00', 'N/A', 'rick', 'jpmayu5499'),
(113, '3.00', '2018-09-17 00:00:00', '1.00', 'N/A', 'rick', 'jpmichi0822'),
(114, '3.00', '2018-09-17 00:00:00', '1.00', 'N/A', 'rick', 'jpharue0106'),
(115, '10.00', '2018-09-17 00:00:00', '3.00', 'N/A', 'rick', 'jptomoe0413'),
(116, '3.00', '2018-09-17 00:00:00', '1.00', 'N/A', 'rick', 'jp1221sa0831'),
(117, '50.00', '2018-09-17 00:00:00', '15.00', 'N/A', 'rick', 'patrick'),
(118, '10.00', '2018-09-17 00:00:00', '3.00', 'N/A', 'rick', 'jpbathi0220'),
(119, '3.00', '2018-09-17 00:00:00', '1.00', 'N/A', 'rick', 'jpkimiching01_1'),
(120, '10.00', '2018-09-17 00:00:00', '3.00', 'N/A', 'rick', 'jpKAMIKAZE01_1'),
(121, '10.00', '2018-10-01 00:00:00', '3.00', 'N/A', 'rick', 'jpshimkei83_1'),
(122, '10.00', '2018-10-01 00:00:00', '3.00', '', 'rick', 'jpakiko0520_1'),
(123, '3.00', '2018-10-01 00:00:00', '1.00', '', 'rick', 'jpspcsk01kk'),
(124, '10.00', '2018-10-01 00:00:00', '3.00', '', 'rick', 'jpmiitsu0226_1'),
(125, '10.00', '2018-10-01 00:00:00', '3.00', '', 'rick', 'jpiwasawas613_1'),
(126, '30.00', '2018-10-01 00:00:00', '10.00', '', 'rick', 'jptaka0286102'),
(127, '30.00', '2018-10-01 00:00:00', '10.00', '', 'rick', 'jptaka0286103'),
(128, '30.00', '2018-10-01 00:00:00', '10.00', '', 'rick', 'jpnori35360'),
(129, '3.00', '2018-10-01 00:00:00', '1.00', '', 'rick', 'jp5151kiyomi'),
(130, '3.00', '2018-10-01 00:00:00', '1.00', '', 'rick', 'jp2586fumie'),
(131, '3.00', '2018-10-01 00:00:00', '1.00', '', 'rick', 'jpshingi1234'),
(132, '3.00', '2018-10-01 00:00:00', '1.00', '', 'rick', 'jpmeychan1205'),
(133, '3.00', '2018-10-01 00:00:00', '1.00', '', 'rick', 'jptaiki030201'),
(134, '3.00', '2018-10-01 00:00:00', '1.00', '', 'rick', 'jp7yukari'),
(135, '3.00', '2018-10-01 00:00:00', '1.00', '', 'rick', 'jpakechan4427_1'),
(136, '3.00', '2018-10-01 00:00:00', '1.00', '', 'rick', 'jpakechan4427_2'),
(137, '3.00', '2018-10-01 00:00:00', '1.00', '', 'rick', 'jpakechan4427_3'),
(138, '3.00', '2018-10-01 00:00:00', '1.00', '', 'rick', 'jpsakuranbo_1'),
(139, '3.00', '2018-10-01 00:00:00', '1.00', '', 'rick', 'jpsetsuko1944_1'),
(140, '3.00', '2018-10-01 00:00:00', '1.00', '', 'rick', 'jpmayf0520_1'),
(141, '7.00', '2018-10-01 00:00:00', '2.00', '', 'rick', 'jpaiko1207335'),
(142, '10.00', '2018-10-01 00:00:00', '3.00', '', 'rick', 'cnw666888'),
(143, '10.00', '2018-10-01 00:00:00', '3.00', '', 'rick', 'cnlpz9999'),
(144, '10.00', '2018-10-01 00:00:00', '3.00', '',  'rick', 'cnlpz9999');

insert into SystemConfig (paramId, paramName, paramValue) values
('baseCost','基本成本','0.02'),
('boughtCost','購買管理成本','0.17'),
('freeCost','贈送管理成本','0.22'),
('loginErrorCount','登入錯誤次數','10');

